-- phpMyAdmin SQL Dump
-- version 5.2.1
-- https://www.phpmyadmin.net/
--
-- Host: 127.0.0.1
-- Generation Time: Nov 27, 2025 at 03:37 AM
-- Server version: 10.4.32-MariaDB
-- PHP Version: 8.2.12

SET SQL_MODE = "NO_AUTO_VALUE_ON_ZERO";
START TRANSACTION;
SET time_zone = "+00:00";


/*!40101 SET @OLD_CHARACTER_SET_CLIENT=@@CHARACTER_SET_CLIENT */;
/*!40101 SET @OLD_CHARACTER_SET_RESULTS=@@CHARACTER_SET_RESULTS */;
/*!40101 SET @OLD_COLLATION_CONNECTION=@@COLLATION_CONNECTION */;
/*!40101 SET NAMES utf8mb4 */;

--
-- Database: `denda_db`
--

-- --------------------------------------------------------

--
-- Table structure for table `absensi`
--

CREATE TABLE `absensi` (
  `id` int(11) NOT NULL,
  `anggota_id` int(11) NOT NULL,
  `tanggal` date NOT NULL,
  `keterangan` enum('HADIR','SAKIT','IZIN','ALPHA') NOT NULL
) ENGINE=InnoDB DEFAULT CHARSET=utf8mb4 COLLATE=utf8mb4_general_ci;

--
-- Dumping data for table `absensi`
--

INSERT INTO `absensi` (`id`, `anggota_id`, `tanggal`, `keterangan`) VALUES
(118, 1, '2025-09-07', 'HADIR'),
(119, 2, '2025-09-07', 'HADIR'),
(120, 3, '2025-09-07', 'HADIR'),
(121, 4, '2025-09-07', 'HADIR'),
(122, 5, '2025-09-07', 'HADIR'),
(123, 6, '2025-09-07', 'HADIR'),
(124, 7, '2025-09-07', 'HADIR'),
(125, 8, '2025-09-07', 'HADIR'),
(126, 9, '2025-09-07', 'HADIR'),
(127, 10, '2025-09-07', 'IZIN'),
(128, 11, '2025-09-07', 'HADIR'),
(129, 12, '2025-09-07', 'HADIR'),
(130, 13, '2025-09-07', 'HADIR'),
(131, 14, '2025-09-07', 'HADIR'),
(132, 15, '2025-09-07', 'HADIR'),
(133, 16, '2025-09-07', 'HADIR'),
(134, 17, '2025-09-07', 'HADIR'),
(135, 18, '2025-09-07', 'HADIR'),
(136, 19, '2025-09-07', 'HADIR'),
(137, 20, '2025-09-07', 'HADIR'),
(138, 21, '2025-09-07', 'HADIR'),
(139, 22, '2025-09-07', 'HADIR'),
(140, 23, '2025-09-07', 'HADIR'),
(141, 25, '2025-09-07', 'HADIR'),
(142, 26, '2025-09-07', 'HADIR'),
(143, 27, '2025-09-07', 'HADIR'),
(144, 28, '2025-09-07', 'HADIR'),
(145, 29, '2025-09-07', 'ALPHA'),
(146, 30, '2025-09-07', 'ALPHA'),
(147, 31, '2025-09-07', 'HADIR'),
(148, 32, '2025-09-07', 'HADIR'),
(149, 33, '2025-09-07', 'ALPHA'),
(150, 34, '2025-09-07', 'ALPHA'),
(151, 35, '2025-09-07', 'ALPHA'),
(152, 36, '2025-09-07', 'HADIR'),
(153, 37, '2025-09-07', 'HADIR'),
(154, 38, '2025-09-07', 'ALPHA'),
(155, 39, '2025-09-07', 'HADIR'),
(156, 40, '2025-09-07', 'IZIN'),
(157, 41, '2025-09-07', 'ALPHA'),
(158, 42, '2025-09-07', 'HADIR'),
(159, 43, '2025-09-07', 'HADIR'),
(160, 44, '2025-09-07', 'HADIR'),
(161, 45, '2025-09-07', 'HADIR'),
(162, 46, '2025-09-07', 'HADIR'),
(163, 47, '2025-09-07', 'HADIR'),
(164, 48, '2025-09-07', 'HADIR'),
(165, 49, '2025-09-07', 'HADIR'),
(166, 50, '2025-09-07', 'HADIR'),
(167, 51, '2025-09-07', 'HADIR'),
(168, 52, '2025-09-07', 'ALPHA'),
(169, 53, '2025-09-07', 'HADIR'),
(170, 54, '2025-09-07', 'HADIR'),
(171, 55, '2025-09-07', 'HADIR'),
(172, 56, '2025-09-07', 'HADIR'),
(173, 57, '2025-09-07', 'HADIR'),
(174, 58, '2025-09-07', 'ALPHA'),
(175, 59, '2025-09-07', 'HADIR'),
(176, 60, '2025-09-07', 'IZIN'),
(177, 61, '2025-09-07', 'HADIR'),
(178, 62, '2025-09-07', 'HADIR'),
(179, 63, '2025-09-07', 'ALPHA'),
(180, 64, '2025-09-07', 'HADIR'),
(181, 65, '2025-09-07', 'IZIN'),
(182, 66, '2025-09-07', 'HADIR'),
(183, 67, '2025-09-07', 'ALPHA'),
(184, 68, '2025-09-07', 'HADIR'),
(185, 69, '2025-09-07', 'HADIR'),
(186, 70, '2025-09-07', 'ALPHA'),
(187, 71, '2025-09-07', 'HADIR'),
(188, 72, '2025-09-07', 'HADIR'),
(189, 73, '2025-09-07', 'HADIR'),
(190, 74, '2025-09-07', 'HADIR'),
(191, 75, '2025-09-07', 'HADIR'),
(192, 76, '2025-09-07', 'HADIR'),
(193, 77, '2025-09-07', 'HADIR'),
(194, 78, '2025-09-07', 'HADIR'),
(195, 79, '2025-09-07', 'HADIR'),
(196, 80, '2025-09-07', 'HADIR'),
(197, 81, '2025-09-07', 'HADIR'),
(198, 82, '2025-09-07', 'HADIR'),
(199, 83, '2025-09-07', 'HADIR'),
(200, 88, '2025-09-07', 'ALPHA'),
(201, 1, '2025-09-28', 'HADIR'),
(202, 2, '2025-09-28', 'HADIR'),
(203, 3, '2025-09-28', 'HADIR'),
(204, 4, '2025-09-28', 'HADIR'),
(205, 5, '2025-09-28', 'HADIR'),
(206, 6, '2025-09-28', 'SAKIT'),
(207, 7, '2025-09-28', 'SAKIT'),
(208, 8, '2025-09-28', 'SAKIT'),
(209, 9, '2025-09-28', 'HADIR'),
(210, 10, '2025-09-28', 'HADIR'),
(211, 11, '2025-09-28', 'IZIN'),
(212, 12, '2025-09-28', 'HADIR'),
(213, 13, '2025-09-28', 'HADIR'),
(214, 14, '2025-09-28', 'HADIR'),
(215, 15, '2025-09-28', 'IZIN'),
(216, 16, '2025-09-28', 'HADIR'),
(217, 17, '2025-09-28', 'IZIN'),
(218, 18, '2025-09-28', 'HADIR'),
(219, 19, '2025-09-28', 'SAKIT'),
(220, 20, '2025-09-28', 'ALPHA'),
(221, 21, '2025-09-28', 'HADIR'),
(222, 22, '2025-09-28', 'HADIR'),
(223, 23, '2025-09-28', 'HADIR'),
(224, 25, '2025-09-28', 'HADIR'),
(225, 26, '2025-09-28', 'HADIR'),
(226, 27, '2025-09-28', 'HADIR'),
(227, 28, '2025-09-28', 'HADIR'),
(228, 29, '2025-09-28', 'HADIR'),
(229, 30, '2025-09-28', 'HADIR'),
(230, 31, '2025-09-28', 'HADIR'),
(231, 32, '2025-09-28', 'HADIR'),
(232, 33, '2025-09-28', 'HADIR'),
(233, 34, '2025-09-28', 'HADIR'),
(234, 35, '2025-09-28', 'HADIR'),
(235, 36, '2025-09-28', 'HADIR'),
(236, 37, '2025-09-28', 'HADIR'),
(237, 38, '2025-09-28', 'ALPHA'),
(238, 39, '2025-09-28', 'HADIR'),
(239, 40, '2025-09-28', 'HADIR'),
(240, 41, '2025-09-28', 'HADIR'),
(241, 42, '2025-09-28', 'HADIR'),
(242, 43, '2025-09-28', 'ALPHA'),
(243, 44, '2025-09-28', 'HADIR'),
(244, 45, '2025-09-28', 'ALPHA'),
(245, 46, '2025-09-28', 'HADIR'),
(246, 47, '2025-09-28', 'HADIR'),
(247, 48, '2025-09-28', 'HADIR'),
(248, 49, '2025-09-28', 'HADIR'),
(249, 50, '2025-09-28', 'ALPHA'),
(250, 51, '2025-09-28', 'HADIR'),
(251, 52, '2025-09-28', 'HADIR'),
(252, 53, '2025-09-28', 'HADIR'),
(253, 54, '2025-09-28', 'HADIR'),
(254, 55, '2025-09-28', 'HADIR'),
(255, 56, '2025-09-28', 'HADIR'),
(256, 57, '2025-09-28', 'HADIR'),
(257, 58, '2025-09-28', 'ALPHA'),
(258, 59, '2025-09-28', 'HADIR'),
(259, 60, '2025-09-28', 'HADIR'),
(260, 61, '2025-09-28', 'HADIR'),
(261, 62, '2025-09-28', 'IZIN'),
(262, 63, '2025-09-28', 'HADIR'),
(263, 64, '2025-09-28', 'HADIR'),
(264, 65, '2025-09-28', 'ALPHA'),
(265, 66, '2025-09-28', 'HADIR'),
(266, 67, '2025-09-28', 'HADIR'),
(267, 68, '2025-09-28', 'HADIR'),
(268, 69, '2025-09-28', 'HADIR'),
(269, 70, '2025-09-28', 'HADIR'),
(270, 71, '2025-09-28', 'HADIR'),
(271, 72, '2025-09-28', 'HADIR'),
(272, 73, '2025-09-28', 'HADIR'),
(273, 74, '2025-09-28', 'HADIR'),
(274, 75, '2025-09-28', 'HADIR'),
(275, 76, '2025-09-28', 'HADIR'),
(276, 77, '2025-09-28', 'HADIR'),
(277, 78, '2025-09-28', 'SAKIT'),
(278, 79, '2025-09-28', 'ALPHA'),
(279, 80, '2025-09-28', 'HADIR'),
(280, 81, '2025-09-28', 'HADIR'),
(281, 82, '2025-09-28', 'HADIR'),
(282, 83, '2025-09-28', 'SAKIT'),
(283, 88, '2025-09-28', 'IZIN'),
(284, 16, '2025-10-05', 'SAKIT'),
(285, 1, '2025-10-05', 'HADIR'),
(286, 2, '2025-10-05', 'HADIR'),
(287, 3, '2025-10-05', 'HADIR'),
(288, 4, '2025-10-05', 'HADIR'),
(289, 5, '2025-10-05', 'HADIR'),
(290, 6, '2025-10-05', 'SAKIT'),
(291, 7, '2025-10-05', 'HADIR'),
(292, 8, '2025-10-05', 'HADIR'),
(293, 9, '2025-10-05', 'HADIR'),
(294, 10, '2025-10-05', 'HADIR'),
(295, 11, '2025-10-05', 'HADIR'),
(296, 12, '2025-10-05', 'HADIR'),
(297, 13, '2025-10-05', 'HADIR'),
(298, 14, '2025-10-05', 'HADIR'),
(299, 15, '2025-10-05', 'HADIR'),
(300, 17, '2025-10-05', 'IZIN'),
(301, 18, '2025-10-05', 'HADIR'),
(302, 19, '2025-10-05', 'HADIR'),
(303, 20, '2025-10-05', 'HADIR'),
(304, 21, '2025-10-05', 'HADIR'),
(305, 22, '2025-10-05', 'HADIR'),
(306, 23, '2025-10-05', 'HADIR'),
(307, 25, '2025-10-05', 'HADIR'),
(308, 26, '2025-10-05', 'HADIR'),
(309, 27, '2025-10-05', 'HADIR'),
(310, 28, '2025-10-05', 'ALPHA'),
(311, 29, '2025-10-05', 'HADIR'),
(312, 30, '2025-10-05', 'HADIR'),
(313, 31, '2025-10-05', 'ALPHA'),
(314, 32, '2025-10-05', 'IZIN'),
(315, 33, '2025-10-05', 'IZIN'),
(316, 34, '2025-10-05', 'HADIR'),
(317, 35, '2025-10-05', 'ALPHA'),
(318, 36, '2025-10-05', 'ALPHA'),
(319, 37, '2025-10-05', 'HADIR'),
(320, 38, '2025-10-05', 'ALPHA'),
(321, 39, '2025-10-05', 'HADIR'),
(322, 40, '2025-10-05', 'ALPHA'),
(323, 41, '2025-10-05', 'HADIR'),
(324, 42, '2025-10-05', 'HADIR'),
(325, 43, '2025-10-05', 'HADIR'),
(326, 44, '2025-10-05', 'ALPHA'),
(327, 45, '2025-10-05', 'HADIR'),
(328, 46, '2025-10-05', 'HADIR'),
(329, 47, '2025-10-05', 'HADIR'),
(330, 48, '2025-10-05', 'HADIR'),
(331, 49, '2025-10-05', 'HADIR'),
(332, 50, '2025-10-05', 'HADIR'),
(333, 51, '2025-10-05', 'HADIR'),
(334, 52, '2025-10-05', 'HADIR'),
(335, 53, '2025-10-05', 'HADIR'),
(336, 54, '2025-10-05', 'HADIR'),
(337, 55, '2025-10-05', 'HADIR'),
(338, 56, '2025-10-05', 'HADIR'),
(339, 57, '2025-10-05', 'HADIR'),
(340, 58, '2025-10-05', 'HADIR'),
(341, 59, '2025-10-05', 'HADIR'),
(342, 60, '2025-10-05', 'ALPHA'),
(343, 61, '2025-10-05', 'IZIN'),
(344, 62, '2025-10-05', 'HADIR'),
(345, 63, '2025-10-05', 'ALPHA'),
(346, 64, '2025-10-05', 'HADIR'),
(347, 65, '2025-10-05', 'HADIR'),
(348, 66, '2025-10-05', 'HADIR'),
(349, 67, '2025-10-05', 'HADIR'),
(350, 68, '2025-10-05', 'IZIN'),
(351, 69, '2025-10-05', 'HADIR'),
(352, 70, '2025-10-05', 'HADIR'),
(353, 71, '2025-10-05', 'HADIR'),
(354, 72, '2025-10-05', 'IZIN'),
(355, 73, '2025-10-05', 'HADIR'),
(356, 74, '2025-10-05', 'HADIR'),
(357, 75, '2025-10-05', 'HADIR'),
(358, 76, '2025-10-05', 'HADIR'),
(359, 77, '2025-10-05', 'HADIR'),
(360, 78, '2025-10-05', 'HADIR'),
(361, 79, '2025-10-05', 'HADIR'),
(362, 80, '2025-10-05', 'HADIR'),
(363, 81, '2025-10-05', 'HADIR'),
(364, 82, '2025-10-05', 'IZIN'),
(365, 83, '2025-10-05', 'HADIR'),
(366, 88, '2025-10-05', 'HADIR'),
(367, 1, '2025-10-12', 'HADIR'),
(368, 2, '2025-10-12', 'HADIR'),
(369, 3, '2025-10-12', 'HADIR'),
(370, 4, '2025-10-12', 'HADIR'),
(371, 5, '2025-10-12', 'HADIR'),
(372, 6, '2025-10-12', 'HADIR'),
(373, 7, '2025-10-12', 'HADIR'),
(374, 8, '2025-10-12', 'HADIR'),
(375, 9, '2025-10-12', 'HADIR'),
(376, 10, '2025-10-12', 'HADIR'),
(377, 11, '2025-10-12', 'HADIR'),
(378, 12, '2025-10-12', 'HADIR'),
(379, 13, '2025-10-12', 'HADIR'),
(380, 14, '2025-10-12', 'HADIR'),
(381, 15, '2025-10-12', 'HADIR'),
(382, 16, '2025-10-12', 'HADIR'),
(383, 17, '2025-10-12', 'HADIR'),
(384, 18, '2025-10-12', 'ALPHA'),
(385, 19, '2025-10-12', 'ALPHA'),
(386, 20, '2025-10-12', 'HADIR'),
(387, 21, '2025-10-12', 'ALPHA'),
(388, 22, '2025-10-12', 'HADIR'),
(389, 23, '2025-10-12', 'HADIR'),
(390, 25, '2025-10-12', 'HADIR'),
(391, 26, '2025-10-12', 'IZIN'),
(392, 27, '2025-10-12', 'HADIR'),
(393, 28, '2025-10-12', 'IZIN'),
(394, 29, '2025-10-12', 'HADIR'),
(395, 30, '2025-10-12', 'ALPHA'),
(396, 31, '2025-10-12', 'ALPHA'),
(397, 32, '2025-10-12', 'HADIR'),
(398, 33, '2025-10-12', 'HADIR'),
(399, 34, '2025-10-12', 'HADIR'),
(400, 35, '2025-10-12', 'HADIR'),
(401, 36, '2025-10-12', 'HADIR'),
(402, 37, '2025-10-12', 'HADIR'),
(403, 38, '2025-10-12', 'HADIR'),
(404, 39, '2025-10-12', 'IZIN'),
(405, 40, '2025-10-12', 'ALPHA'),
(406, 41, '2025-10-12', 'ALPHA'),
(407, 42, '2025-10-12', 'HADIR'),
(408, 43, '2025-10-12', 'IZIN'),
(409, 44, '2025-10-12', 'IZIN'),
(410, 45, '2025-10-12', 'ALPHA'),
(411, 46, '2025-10-12', 'HADIR'),
(412, 47, '2025-10-12', 'HADIR'),
(413, 48, '2025-10-12', 'HADIR'),
(414, 49, '2025-10-12', 'HADIR'),
(415, 50, '2025-10-12', 'ALPHA'),
(416, 51, '2025-10-12', 'HADIR'),
(417, 52, '2025-10-12', 'HADIR'),
(418, 53, '2025-10-12', 'HADIR'),
(419, 54, '2025-10-12', 'HADIR'),
(420, 55, '2025-10-12', 'HADIR'),
(421, 56, '2025-10-12', 'HADIR'),
(422, 57, '2025-10-12', 'HADIR'),
(423, 58, '2025-10-12', 'ALPHA'),
(424, 59, '2025-10-12', 'IZIN'),
(425, 60, '2025-10-12', 'ALPHA'),
(426, 61, '2025-10-12', 'HADIR'),
(427, 62, '2025-10-12', 'ALPHA'),
(428, 63, '2025-10-12', 'ALPHA'),
(429, 64, '2025-10-12', 'HADIR'),
(430, 65, '2025-10-12', 'ALPHA'),
(431, 66, '2025-10-12', 'HADIR'),
(432, 67, '2025-10-12', 'HADIR'),
(433, 68, '2025-10-12', 'HADIR'),
(434, 69, '2025-10-12', 'HADIR'),
(435, 70, '2025-10-12', 'HADIR'),
(436, 71, '2025-10-12', 'HADIR'),
(437, 72, '2025-10-12', 'HADIR'),
(438, 73, '2025-10-12', 'HADIR'),
(439, 74, '2025-10-12', 'HADIR'),
(440, 75, '2025-10-12', 'ALPHA'),
(441, 76, '2025-10-12', 'IZIN'),
(442, 77, '2025-10-12', 'HADIR'),
(443, 78, '2025-10-12', 'ALPHA'),
(444, 79, '2025-10-12', 'IZIN'),
(445, 80, '2025-10-12', 'HADIR'),
(446, 81, '2025-10-12', 'HADIR'),
(447, 82, '2025-10-12', 'HADIR'),
(448, 83, '2025-10-12', 'HADIR'),
(449, 88, '2025-10-12', 'ALPHA'),
(450, 1, '2025-10-26', 'HADIR'),
(451, 2, '2025-10-26', 'HADIR'),
(452, 3, '2025-10-26', 'HADIR'),
(453, 4, '2025-10-26', 'HADIR'),
(454, 5, '2025-10-26', 'HADIR'),
(455, 6, '2025-10-26', 'HADIR'),
(456, 7, '2025-10-26', 'HADIR'),
(457, 8, '2025-10-26', 'HADIR'),
(458, 9, '2025-10-26', 'HADIR'),
(459, 10, '2025-10-26', 'IZIN'),
(460, 11, '2025-10-26', 'HADIR'),
(461, 12, '2025-10-26', 'IZIN'),
(462, 13, '2025-10-26', 'HADIR'),
(463, 14, '2025-10-26', 'HADIR'),
(464, 15, '2025-10-26', 'HADIR'),
(465, 16, '2025-10-26', 'HADIR'),
(466, 17, '2025-10-26', 'HADIR'),
(467, 18, '2025-10-26', 'ALPHA'),
(468, 19, '2025-10-26', 'HADIR'),
(469, 20, '2025-10-26', 'HADIR'),
(470, 21, '2025-10-26', 'HADIR'),
(471, 22, '2025-10-26', 'HADIR'),
(472, 23, '2025-10-26', 'HADIR'),
(473, 25, '2025-10-26', 'HADIR'),
(474, 26, '2025-10-26', 'IZIN'),
(475, 27, '2025-10-26', 'HADIR'),
(476, 28, '2025-10-26', 'HADIR'),
(477, 29, '2025-10-26', 'HADIR'),
(478, 30, '2025-10-26', 'ALPHA'),
(479, 31, '2025-10-26', 'HADIR'),
(480, 32, '2025-10-26', 'HADIR'),
(481, 33, '2025-10-26', 'IZIN'),
(482, 34, '2025-10-26', 'HADIR'),
(483, 35, '2025-10-26', 'ALPHA'),
(484, 36, '2025-10-26', 'HADIR'),
(485, 37, '2025-10-26', 'HADIR'),
(486, 38, '2025-10-26', 'ALPHA'),
(487, 39, '2025-10-26', 'HADIR'),
(488, 40, '2025-10-26', 'IZIN'),
(489, 41, '2025-10-26', 'HADIR'),
(490, 42, '2025-10-26', 'HADIR'),
(491, 43, '2025-10-26', 'HADIR'),
(492, 44, '2025-10-26', 'ALPHA'),
(493, 45, '2025-10-26', 'HADIR'),
(494, 46, '2025-10-26', 'ALPHA'),
(495, 47, '2025-10-26', 'HADIR'),
(496, 48, '2025-10-26', 'ALPHA'),
(497, 49, '2025-10-26', 'HADIR'),
(498, 50, '2025-10-26', 'IZIN'),
(499, 51, '2025-10-26', 'HADIR'),
(500, 52, '2025-10-26', 'HADIR'),
(501, 53, '2025-10-26', 'HADIR'),
(502, 54, '2025-10-26', 'HADIR'),
(503, 55, '2025-10-26', 'HADIR'),
(504, 56, '2025-10-26', 'HADIR'),
(505, 57, '2025-10-26', 'ALPHA'),
(506, 58, '2025-10-26', 'HADIR'),
(507, 59, '2025-10-26', 'HADIR'),
(508, 60, '2025-10-26', 'HADIR'),
(509, 61, '2025-10-26', 'HADIR'),
(510, 62, '2025-10-26', 'ALPHA'),
(511, 63, '2025-10-26', 'ALPHA'),
(512, 64, '2025-10-26', 'HADIR'),
(513, 65, '2025-10-26', 'IZIN'),
(514, 66, '2025-10-26', 'IZIN'),
(515, 67, '2025-10-26', 'HADIR'),
(516, 68, '2025-10-26', 'HADIR'),
(517, 69, '2025-10-26', 'HADIR'),
(518, 70, '2025-10-26', 'HADIR'),
(519, 71, '2025-10-26', 'HADIR'),
(520, 72, '2025-10-26', 'HADIR'),
(521, 73, '2025-10-26', 'HADIR'),
(522, 74, '2025-10-26', 'HADIR'),
(523, 75, '2025-10-26', 'HADIR'),
(524, 76, '2025-10-26', 'IZIN'),
(525, 77, '2025-10-26', 'ALPHA'),
(526, 78, '2025-10-26', 'HADIR'),
(527, 79, '2025-10-26', 'HADIR'),
(528, 80, '2025-10-26', 'HADIR'),
(529, 81, '2025-10-26', 'HADIR'),
(530, 82, '2025-10-26', 'ALPHA'),
(531, 83, '2025-10-26', 'HADIR'),
(532, 88, '2025-10-26', 'HADIR'),
(533, 1, '2025-11-02', 'HADIR'),
(534, 2, '2025-11-02', 'HADIR'),
(535, 3, '2025-11-02', 'HADIR'),
(536, 4, '2025-11-02', 'HADIR'),
(537, 5, '2025-11-02', 'HADIR'),
(538, 6, '2025-11-02', 'HADIR'),
(539, 7, '2025-11-02', 'SAKIT'),
(540, 8, '2025-11-02', 'HADIR'),
(541, 9, '2025-11-02', 'HADIR'),
(542, 10, '2025-11-02', 'HADIR'),
(543, 11, '2025-11-02', 'HADIR'),
(544, 12, '2025-11-02', 'ALPHA'),
(545, 13, '2025-11-02', 'HADIR'),
(546, 14, '2025-11-02', 'HADIR'),
(547, 15, '2025-11-02', 'SAKIT'),
(548, 16, '2025-11-02', 'HADIR'),
(549, 17, '2025-11-02', 'HADIR'),
(550, 18, '2025-11-02', 'IZIN'),
(551, 19, '2025-11-02', 'ALPHA'),
(552, 20, '2025-11-02', 'HADIR'),
(553, 21, '2025-11-02', 'HADIR'),
(554, 22, '2025-11-02', 'HADIR'),
(555, 23, '2025-11-02', 'HADIR'),
(556, 25, '2025-11-02', 'HADIR'),
(557, 26, '2025-11-02', 'HADIR'),
(558, 27, '2025-11-02', 'HADIR'),
(559, 28, '2025-11-02', 'HADIR'),
(560, 29, '2025-11-02', 'HADIR'),
(561, 30, '2025-11-02', 'ALPHA'),
(562, 31, '2025-11-02', 'HADIR'),
(563, 32, '2025-11-02', 'HADIR'),
(564, 33, '2025-11-02', 'HADIR'),
(565, 34, '2025-11-02', 'HADIR'),
(566, 35, '2025-11-02', 'ALPHA'),
(567, 36, '2025-11-02', 'HADIR'),
(568, 37, '2025-11-02', 'HADIR'),
(569, 38, '2025-11-02', 'ALPHA'),
(570, 39, '2025-11-02', 'HADIR'),
(571, 40, '2025-11-02', 'HADIR'),
(572, 41, '2025-11-02', 'HADIR'),
(573, 42, '2025-11-02', 'HADIR'),
(574, 43, '2025-11-02', 'HADIR'),
(575, 44, '2025-11-02', 'HADIR'),
(576, 45, '2025-11-02', 'HADIR'),
(577, 46, '2025-11-02', 'ALPHA'),
(578, 47, '2025-11-02', 'HADIR'),
(579, 48, '2025-11-02', 'ALPHA'),
(580, 49, '2025-11-02', 'HADIR'),
(581, 50, '2025-11-02', 'ALPHA'),
(582, 51, '2025-11-02', 'HADIR'),
(583, 52, '2025-11-02', 'HADIR'),
(584, 53, '2025-11-02', 'HADIR'),
(585, 54, '2025-11-02', 'HADIR'),
(586, 55, '2025-11-02', 'HADIR'),
(587, 56, '2025-11-02', 'HADIR'),
(588, 57, '2025-11-02', 'HADIR'),
(589, 58, '2025-11-02', 'HADIR'),
(590, 59, '2025-11-02', 'HADIR'),
(591, 60, '2025-11-02', 'HADIR'),
(592, 61, '2025-11-02', 'HADIR'),
(593, 62, '2025-11-02', 'ALPHA'),
(594, 63, '2025-11-02', 'ALPHA'),
(595, 64, '2025-11-02', 'HADIR'),
(596, 65, '2025-11-02', 'ALPHA'),
(597, 66, '2025-11-02', 'HADIR'),
(598, 67, '2025-11-02', 'HADIR'),
(599, 68, '2025-11-02', 'HADIR'),
(600, 69, '2025-11-02', 'HADIR'),
(601, 70, '2025-11-02', 'ALPHA'),
(602, 71, '2025-11-02', 'HADIR'),
(603, 72, '2025-11-02', 'HADIR'),
(604, 73, '2025-11-02', 'HADIR'),
(605, 74, '2025-11-02', 'HADIR'),
(606, 75, '2025-11-02', 'HADIR'),
(607, 76, '2025-11-02', 'HADIR'),
(608, 77, '2025-11-02', 'HADIR'),
(609, 78, '2025-11-02', 'HADIR'),
(610, 79, '2025-11-02', 'HADIR'),
(611, 80, '2025-11-02', 'HADIR'),
(612, 81, '2025-11-02', 'HADIR'),
(613, 82, '2025-11-02', 'ALPHA'),
(614, 83, '2025-11-02', 'HADIR'),
(615, 88, '2025-11-02', 'HADIR'),
(616, 1, '2025-11-16', 'HADIR'),
(617, 2, '2025-11-16', 'HADIR'),
(618, 3, '2025-11-16', 'HADIR'),
(619, 4, '2025-11-16', 'IZIN'),
(620, 5, '2025-11-16', 'HADIR'),
(621, 6, '2025-11-16', 'SAKIT'),
(622, 7, '2025-11-16', 'HADIR'),
(623, 8, '2025-11-16', 'HADIR'),
(624, 9, '2025-11-16', 'HADIR'),
(625, 10, '2025-11-16', 'HADIR'),
(626, 11, '2025-11-16', 'SAKIT'),
(627, 12, '2025-11-16', 'SAKIT'),
(628, 13, '2025-11-16', 'IZIN'),
(629, 14, '2025-11-16', 'HADIR'),
(630, 15, '2025-11-16', 'HADIR'),
(631, 16, '2025-11-16', 'HADIR'),
(632, 17, '2025-11-16', 'HADIR'),
(633, 18, '2025-11-16', 'HADIR'),
(634, 19, '2025-11-16', 'HADIR'),
(635, 20, '2025-11-16', 'IZIN'),
(636, 21, '2025-11-16', 'HADIR'),
(637, 22, '2025-11-16', 'HADIR'),
(638, 23, '2025-11-16', 'HADIR'),
(639, 25, '2025-11-16', 'HADIR'),
(640, 26, '2025-11-16', 'HADIR'),
(641, 27, '2025-11-16', 'HADIR'),
(642, 28, '2025-11-16', 'HADIR'),
(643, 29, '2025-11-16', 'ALPHA'),
(644, 30, '2025-11-16', 'ALPHA'),
(645, 31, '2025-11-16', 'ALPHA'),
(646, 32, '2025-11-16', 'HADIR'),
(647, 33, '2025-11-16', 'ALPHA'),
(648, 34, '2025-11-16', 'ALPHA'),
(649, 35, '2025-11-16', 'ALPHA'),
(650, 36, '2025-11-16', 'HADIR'),
(651, 37, '2025-11-16', 'HADIR'),
(652, 38, '2025-11-16', 'HADIR'),
(653, 39, '2025-11-16', 'HADIR'),
(654, 40, '2025-11-16', 'ALPHA'),
(655, 41, '2025-11-16', 'ALPHA'),
(656, 42, '2025-11-16', 'SAKIT'),
(657, 43, '2025-11-16', 'ALPHA'),
(658, 44, '2025-11-16', 'ALPHA'),
(659, 45, '2025-11-16', 'ALPHA'),
(660, 46, '2025-11-16', 'ALPHA'),
(661, 47, '2025-11-16', 'IZIN'),
(662, 48, '2025-11-16', 'ALPHA'),
(663, 49, '2025-11-16', 'SAKIT'),
(664, 50, '2025-11-16', 'ALPHA'),
(665, 51, '2025-11-16', 'HADIR'),
(666, 52, '2025-11-16', 'ALPHA'),
(667, 53, '2025-11-16', 'ALPHA'),
(668, 54, '2025-11-16', 'HADIR'),
(669, 55, '2025-11-16', 'HADIR'),
(670, 56, '2025-11-16', 'HADIR'),
(671, 57, '2025-11-16', 'HADIR'),
(672, 58, '2025-11-16', 'ALPHA'),
(673, 59, '2025-11-16', 'HADIR'),
(674, 60, '2025-11-16', 'HADIR'),
(675, 61, '2025-11-16', 'ALPHA'),
(676, 62, '2025-11-16', 'ALPHA'),
(677, 63, '2025-11-16', 'ALPHA'),
(678, 64, '2025-11-16', 'HADIR'),
(679, 65, '2025-11-16', 'ALPHA'),
(680, 66, '2025-11-16', 'IZIN'),
(681, 67, '2025-11-16', 'ALPHA'),
(682, 68, '2025-11-16', 'ALPHA'),
(683, 69, '2025-11-16', 'HADIR'),
(684, 70, '2025-11-16', 'HADIR'),
(685, 71, '2025-11-16', 'ALPHA'),
(686, 72, '2025-11-16', 'HADIR'),
(687, 73, '2025-11-16', 'HADIR'),
(688, 74, '2025-11-16', 'HADIR'),
(689, 75, '2025-11-16', 'ALPHA'),
(690, 76, '2025-11-16', 'HADIR'),
(691, 77, '2025-11-16', 'ALPHA'),
(692, 78, '2025-11-16', 'HADIR'),
(693, 79, '2025-11-16', 'HADIR'),
(694, 80, '2025-11-16', 'HADIR'),
(695, 81, '2025-11-16', 'HADIR'),
(696, 82, '2025-11-16', 'ALPHA'),
(697, 83, '2025-11-16', 'HADIR'),
(698, 88, '2025-11-16', 'ALPHA'),
(699, 83, '2025-11-23', 'SAKIT'),
(700, 1, '2025-11-23', 'HADIR'),
(701, 2, '2025-11-23', 'HADIR'),
(702, 3, '2025-11-23', 'HADIR'),
(703, 4, '2025-11-23', 'HADIR'),
(704, 5, '2025-11-23', 'HADIR'),
(705, 6, '2025-11-23', 'HADIR'),
(706, 7, '2025-11-23', 'HADIR'),
(707, 8, '2025-11-23', 'HADIR'),
(708, 9, '2025-11-23', 'HADIR'),
(709, 10, '2025-11-23', 'HADIR'),
(710, 11, '2025-11-23', 'HADIR'),
(711, 12, '2025-11-23', 'HADIR'),
(712, 13, '2025-11-23', 'HADIR'),
(713, 14, '2025-11-23', 'HADIR'),
(714, 15, '2025-11-23', 'HADIR'),
(715, 16, '2025-11-23', 'HADIR'),
(716, 17, '2025-11-23', 'HADIR'),
(717, 18, '2025-11-23', 'HADIR'),
(718, 19, '2025-11-23', 'HADIR'),
(719, 20, '2025-11-23', 'HADIR'),
(720, 21, '2025-11-23', 'HADIR'),
(721, 22, '2025-11-23', 'HADIR'),
(722, 23, '2025-11-23', 'HADIR'),
(723, 25, '2025-11-23', 'HADIR'),
(724, 26, '2025-11-23', 'IZIN'),
(725, 27, '2025-11-23', 'HADIR'),
(726, 28, '2025-11-23', 'IZIN'),
(727, 29, '2025-11-23', 'HADIR'),
(728, 30, '2025-11-23', 'HADIR'),
(729, 31, '2025-11-23', 'IZIN'),
(730, 32, '2025-11-23', 'HADIR'),
(731, 33, '2025-11-23', 'SAKIT'),
(732, 34, '2025-11-23', 'HADIR'),
(733, 35, '2025-11-23', 'HADIR'),
(734, 36, '2025-11-23', 'HADIR'),
(735, 37, '2025-11-23', 'HADIR'),
(736, 38, '2025-11-23', 'HADIR'),
(737, 39, '2025-11-23', 'HADIR'),
(738, 40, '2025-11-23', 'HADIR'),
(739, 41, '2025-11-23', 'HADIR'),
(740, 42, '2025-11-23', 'HADIR'),
(741, 43, '2025-11-23', 'HADIR'),
(742, 44, '2025-11-23', 'HADIR'),
(743, 45, '2025-11-23', 'HADIR'),
(744, 46, '2025-11-23', 'HADIR'),
(745, 47, '2025-11-23', 'HADIR'),
(746, 48, '2025-11-23', 'HADIR'),
(747, 49, '2025-11-23', 'HADIR'),
(748, 50, '2025-11-23', 'HADIR'),
(749, 51, '2025-11-23', 'HADIR'),
(750, 52, '2025-11-23', 'HADIR'),
(751, 53, '2025-11-23', 'HADIR'),
(752, 54, '2025-11-23', 'HADIR'),
(753, 55, '2025-11-23', 'HADIR'),
(754, 56, '2025-11-23', 'HADIR'),
(755, 57, '2025-11-23', 'HADIR'),
(756, 58, '2025-11-23', 'HADIR'),
(757, 59, '2025-11-23', 'HADIR'),
(758, 60, '2025-11-23', 'HADIR'),
(759, 61, '2025-11-23', 'HADIR'),
(760, 62, '2025-11-23', 'HADIR'),
(761, 63, '2025-11-23', 'HADIR'),
(762, 64, '2025-11-23', 'HADIR'),
(763, 65, '2025-11-23', 'HADIR'),
(764, 66, '2025-11-23', 'HADIR'),
(765, 67, '2025-11-23', 'HADIR'),
(766, 68, '2025-11-23', 'HADIR'),
(767, 69, '2025-11-23', 'HADIR'),
(768, 70, '2025-11-23', 'HADIR'),
(769, 71, '2025-11-23', 'HADIR'),
(770, 72, '2025-11-23', 'HADIR'),
(771, 73, '2025-11-23', 'HADIR'),
(772, 74, '2025-11-23', 'HADIR'),
(773, 75, '2025-11-23', 'HADIR'),
(774, 76, '2025-11-23', 'HADIR'),
(775, 77, '2025-11-23', 'IZIN'),
(776, 78, '2025-11-23', 'HADIR'),
(777, 79, '2025-11-23', 'HADIR'),
(778, 80, '2025-11-23', 'HADIR'),
(779, 81, '2025-11-23', 'HADIR'),
(780, 82, '2025-11-23', 'HADIR'),
(781, 88, '2025-11-23', 'HADIR');

-- --------------------------------------------------------

--
-- Table structure for table `anggota`
--

CREATE TABLE `anggota` (
  `id` int(11) NOT NULL,
  `nama` text NOT NULL,
  `kelas` enum('BUSANA','TJKT1','TJKT2','PPLG') NOT NULL,
  `sangga` varchar(64) NOT NULL,
  `jkel` enum('Laki-laki','Perempuan') NOT NULL,
  `alpha` int(11) NOT NULL DEFAULT 0,
  `denda` int(11) NOT NULL DEFAULT 0,
  `total_denda` int(11) NOT NULL DEFAULT 0
) ENGINE=InnoDB DEFAULT CHARSET=utf8mb4 COLLATE=utf8mb4_general_ci;

--
-- Dumping data for table `anggota`
--

INSERT INTO `anggota` (`id`, `nama`, `kelas`, `sangga`, `jkel`, `alpha`, `denda`, `total_denda`) VALUES
(1, 'Alif Julyana Salsabila', 'BUSANA', 'PERINTIS 2', 'Perempuan', 0, 0, 0),
(2, 'Bella Aprilina Yusnia', 'BUSANA', 'PENEGAS 2', 'Perempuan', 0, 0, 0),
(3, 'Dela Melati Putri', 'BUSANA', 'PELAKSANA 2', 'Perempuan', 0, 0, 0),
(4, 'Devi Artika Sari', 'BUSANA', 'PENEGAS 2', 'Perempuan', 0, 0, 0),
(5, 'Dian Aurelia Princlo', 'BUSANA', 'PENDOBRAK 2', 'Perempuan', 0, 0, 0),
(6, 'Divha Septia Ramadhani', 'BUSANA', 'PENDOBRAK 2', 'Perempuan', 0, 0, 0),
(7, 'Fatimatul Umairoh', 'BUSANA', 'PENEGAS 2', 'Perempuan', 0, 0, 0),
(8, 'Imroatun Shollihah', 'BUSANA', 'PELAKSANA 2', 'Perempuan', 0, 0, 0),
(9, 'Raras Ajmaul Jinan', 'BUSANA', 'PERINTIS 2', 'Perempuan', 0, 0, 0),
(10, 'Nafi\'Atur Rosyidah', 'BUSANA', 'PELAKSANA 2', 'Perempuan', 0, 0, 0),
(11, 'Najma Laila Saida', 'BUSANA', 'PENDOBRAK 2', 'Perempuan', 0, 0, 0),
(12, 'Oktavia Rosalina Dewy', 'BUSANA', 'PERINTIS 2', 'Perempuan', 0, 0, 0),
(13, 'Queenna Elviana Alfuad Putri', 'BUSANA', 'PENEGAS 2', 'Perempuan', 0, 0, 0),
(14, 'Salsa Bela Nurayni', 'BUSANA', 'PELAKSANA 2', 'Perempuan', 0, 0, 0),
(15, 'Salwa Nisrina Fathimatuz Zahra', 'BUSANA', 'PERINTIS 2', 'Perempuan', 0, 0, 0),
(16, 'Sindy dirosatun nikmah', 'BUSANA', 'PENCOBA 2', 'Perempuan', 0, 0, 0),
(17, 'Agung Galih Satoto Utomo', 'TJKT1', 'PELAKSANA', 'Laki-laki', 0, 0, 0),
(18, 'Ahmad Arfa Bilhadi', 'TJKT1', 'PENDOBRAK', 'Laki-laki', 0, 0, 0),
(19, 'Ahmad Far\'I Fadliansyah', 'TJKT1', 'PENCOBA', 'Perempuan', 0, 0, 0),
(20, 'Ahmad Nabil Hilmi', 'TJKT1', 'PERINTIS', 'Laki-laki', 0, 0, 0),
(21, 'Anggi Alifa Zahra', 'TJKT1', 'PELAKSANA 2', 'Perempuan', 0, 0, 0),
(22, 'Anisa\' Rohmatun Ni\'Mah', 'TJKT1', 'PENDOBRAK 2', 'Perempuan', 0, 0, 0),
(23, 'Aulia Lailatur Rohmah', 'TJKT1', 'PERINTIS 2', 'Perempuan', 0, 0, 0),
(25, 'Ferdiyan Setyo Ramadhan', 'TJKT1', 'PENDOBRAK', 'Laki-laki', 0, 0, 0),
(26, 'Januar Wahyu Satrio Jati', 'TJKT1', 'PERINTIS', 'Laki-laki', 0, 0, 0),
(27, 'Keyla Ayu Berliana', 'TJKT1', 'PELAKSANA 2', 'Perempuan', 0, 0, 0),
(28, 'Khafid Fachrul Alam', 'TJKT1', 'PELAKSANA', 'Laki-laki', 0, 0, 0),
(29, 'Mohammad Panji Saputra', 'TJKT1', 'PENEGAS', 'Laki-laki', 0, 0, 0),
(30, 'Mohammad Sholikhul Muiz', 'TJKT1', 'PERINTIS', 'Laki-laki', 0, 0, 0),
(31, 'Muhammad Arzudin Arsallan', 'TJKT1', 'PENDOBRAK', 'Laki-laki', 0, 0, 0),
(32, 'Muhammad Eka Satria', 'TJKT1', 'PERINTIS', 'Laki-laki', 0, 0, 0),
(33, 'Muhammad Faisal Anwar', 'TJKT1', 'PENEGAS', 'Laki-laki', 0, 0, 0),
(34, 'Muhammad Fardan Abdillah', 'TJKT1', 'PENEGAS', 'Laki-laki', 0, 0, 0),
(35, 'Muhammad Reza Assudes Abas', 'TJKT1', 'PENEGAS', 'Laki-laki', 0, 0, 0),
(36, 'Rahma Ayu Mukhodijah', 'TJKT1', 'PENCOBA 2', 'Perempuan', 0, 0, 0),
(37, 'Salwa Oktavia Zahri', 'TJKT1', 'PENEGAS 2', 'Perempuan', 0, 0, 0),
(38, 'Sefa Satria Adi Nugroho', 'TJKT1', 'PERINTIS', 'Laki-laki', 0, 0, 0),
(39, 'Syakira Jabbar Akasah', 'TJKT1', 'PENCOBA', 'Laki-laki', 0, 0, 0),
(40, 'Yulian Khoiril Azzam', 'TJKT1', 'PENEGAS', 'Laki-laki', 0, 0, 0),
(41, 'Zainal Abidin', 'TJKT1', 'PENEGAS', 'Laki-laki', 0, 0, 0),
(42, 'Zaskia Zulfatin Neisya', 'TJKT1', 'PENEGAS 2', 'Perempuan', 0, 0, 0),
(43, 'Ahmad Alif Azka Falih', 'TJKT2', 'PENCOBA', 'Laki-laki', 0, 0, 0),
(44, 'Ahmad Khoirul Rizky', 'TJKT2', 'PENCOBA', 'Laki-laki', 0, 0, 0),
(45, 'Ahmad Rayhan Pratama', 'TJKT2', 'PELAKSANA', 'Laki-laki', 0, 0, 0),
(46, 'Ahmad Syaifudin', 'TJKT2', 'PENDOBRAK', 'Laki-laki', 0, 0, 0),
(47, 'Aliyah Dhawi Zulfa', 'TJKT2', 'PENCOBA 2', 'Perempuan', 0, 0, 0),
(48, 'Arifin Zaidun Saputra', 'TJKT2', 'PELAKSANA', 'Laki-laki', 0, 0, 0),
(49, 'Aza Nur Laila', 'TJKT2', 'PENDOBRAK 2', 'Perempuan', 0, 0, 0),
(50, 'Ega Raia Mylo Herjunot', 'TJKT2', 'PELAKSANA', 'Laki-laki', 0, 0, 0),
(51, 'Faizatun Fatimah', 'TJKT2', 'PENCOBA 2', 'Perempuan', 0, 0, 0),
(52, 'Hafiz Nur Fahri', 'TJKT2', 'PENEGAS', 'Laki-laki', 0, 0, 0),
(53, 'Havis Ahsanu Bittaqwa', 'TJKT2', 'PELAKSANA', 'Laki-laki', 0, 0, 0),
(54, 'Ikrom Hidayatullah', 'TJKT2', 'PENDOBRAK', 'Laki-laki', 0, 0, 0),
(55, 'Infiatul Munazilah', 'TJKT2', 'PENCOBA 2', 'Perempuan', 0, 0, 0),
(56, 'Miftahus Surur', 'TJKT2', 'PENDOBRAK', 'Laki-laki', 0, 0, 0),
(57, 'Mohammad Asyhar Al Fahrezy', 'TJKT2', 'PERINTIS', 'Laki-laki', 0, 0, 0),
(58, 'Mohammad Ghulaman Zakiyya', 'TJKT2', 'PENCOBA', 'Laki-laki', 0, 0, 0),
(59, 'Muhammad Aditya Zulfahmi', 'TJKT2', 'PERINTIS', 'Laki-laki', 0, 0, 0),
(60, 'Muhammad Febrian Noval Saputra', 'TJKT2', 'PENEGAS', 'Laki-laki', 0, 0, 0),
(61, 'Muhammad Ridwan Ainul Huda', 'TJKT2', 'PERINTIS', 'Laki-laki', 0, 0, 0),
(62, 'Muhammad Yusril Fauzil Aufa', 'TJKT2', 'PENDOBRAK', 'Laki-laki', 0, 0, 0),
(63, 'Naufal Ilham Maulana', 'TJKT2', 'PENEGAS', 'Laki-laki', 0, 0, 0),
(64, 'Niken Ayu Puji Lestari', 'TJKT2', 'PENDOBRAK 2', 'Perempuan', 0, 0, 0),
(65, 'Zidni Ilman', 'TJKT2', 'PENDOBRAK', 'Laki-laki', 0, 0, 0),
(66, 'Zivanna Aulia Yasmin', 'TJKT2', 'PENEGAS 2', 'Perempuan', 0, 0, 0),
(67, 'Ahmad Dawam Maskuri', 'PPLG', 'PELAKSANA', 'Laki-laki', 0, 0, 0),
(68, 'Ahmad Nabi\' Syuhadak', 'PPLG', 'PENCOBA', 'Laki-laki', 0, 0, 0),
(70, 'Eka Tirta Wijaya', 'PPLG', 'PENEGAS', 'Laki-laki', 0, 0, 0),
(71, 'Elby Putra Sulur', 'PPLG', 'PERINTIS', 'Laki-laki', 0, 0, 0),
(72, 'Fifianka Briliant Tasyantika Imron', 'PPLG', 'PERINTIS 2', 'Perempuan', 0, 0, 0),
(73, 'Muhammad Alvin Ni\'Am', 'PPLG', 'PENCOBA', 'Laki-laki', 0, 0, 0),
(74, 'Muhammad Bagus Kurniawan', 'PPLG', 'PENCOBA', 'Laki-laki', 0, 0, 0),
(75, 'Muhammad Denny Syah Putra', 'PPLG', 'PELAKSANA', 'Laki-laki', 0, 0, 0),
(76, 'Muhammad Gesta Al Haris', 'PPLG', 'PERINTIS', 'Laki-laki', 0, 0, 0),
(77, 'Muhammad Naja Zainul Wafa', 'PPLG', 'PENDOBRAK', 'Laki-laki', 0, 0, 0),
(78, 'Muhammad Navid Amri Maulana', 'PPLG', 'PENDOBRAK', 'Laki-laki', 0, 0, 0),
(79, 'Muhammad Zulfikar Fuadi', 'PPLG', 'PELAKSANA', 'Laki-laki', 0, 0, 0),
(80, 'Nadia Dwi Apriliani', 'PPLG', 'PELAKSANA 2', 'Perempuan', 0, 0, 0),
(81, 'Nurul Ashfa', 'PPLG', 'PENCOBA 2', 'Perempuan', 0, 0, 0),
(82, 'Rohaf Azzam Miqdad', 'PPLG', 'PENCOBA', 'Laki-laki', 0, 0, 0),
(83, 'Tazkia Khairun Nisa', 'PPLG', 'PENDOBRAK 2', 'Perempuan', 0, 0, 0),
(88, 'Eric Al Mubarok', 'TJKT1', 'PENCOBA', 'Laki-laki', 0, 0, 0);

-- --------------------------------------------------------

--
-- Table structure for table `master_denda`
--

CREATE TABLE `master_denda` (
  `id` int(11) NOT NULL,
  `alpha` int(11) NOT NULL,
  `nominal` int(11) NOT NULL
) ENGINE=InnoDB DEFAULT CHARSET=utf8mb4 COLLATE=utf8mb4_general_ci;

--
-- Dumping data for table `master_denda`
--

INSERT INTO `master_denda` (`id`, `alpha`, `nominal`) VALUES
(0, 2, 5000),
(1, 1, 2000),
(3, 1, 2000),
(4, 2, 5000),
(5, 3, 7000),
(6, 4, 10000),
(7, 5, 12000),
(8, 6, 15000),
(9, 7, 17000),
(10, 8, 20000),
(11, 9, 22000),
(12, 10, 25000),
(13, 11, 27000),
(14, 12, 30000);

-- --------------------------------------------------------

--
-- Table structure for table `pembayaran_denda`
--

CREATE TABLE `pembayaran_denda` (
  `id` int(11) NOT NULL,
  `anggota_id` int(11) NOT NULL,
  `total_bayar` int(11) NOT NULL DEFAULT 0,
  `tgl_bayar` date DEFAULT curdate()
) ENGINE=InnoDB DEFAULT CHARSET=utf8mb4 COLLATE=utf8mb4_general_ci;

--
-- Dumping data for table `pembayaran_denda`
--

INSERT INTO `pembayaran_denda` (`id`, `anggota_id`, `total_bayar`, `tgl_bayar`) VALUES
(8, 18, 2000, '2025-11-26'),
(9, 19, 7, '2025-11-26'),
(10, 19, 6993, '2025-11-26'),
(11, 20, 2000, '2025-11-26'),
(12, 88, 14000, '2025-11-26'),
(13, 28, 2000, '2025-11-26'),
(14, 29, 7000, '2025-11-26'),
(15, 30, 2000, '2025-11-26'),
(16, 31, 14000, '2025-11-26'),
(17, 34, 7000, '2025-11-26'),
(18, 35, 12000, '2025-11-26'),
(19, 38, 21000, '2025-11-26'),
(20, 40, 14000, '2025-11-26'),
(21, 41, 14000, '2025-11-26'),
(22, 43, 7000, '2025-11-26'),
(23, 44, 4000, '2025-11-26'),
(24, 45, 14000, '2025-11-26'),
(25, 46, 14000, '2025-11-26'),
(26, 50, 7000, '2025-11-26'),
(27, 53, 2000, '2025-11-26'),
(28, 52, 2000, '2025-11-26'),
(29, 58, 14000, '2025-11-26'),
(30, 62, 14000, '2025-11-26'),
(31, 63, 51000, '2025-11-26'),
(32, 65, 15000, '2025-11-26'),
(33, 67, 7000, '2025-11-26'),
(34, 70, 7000, '2025-11-26'),
(35, 71, 2000, '2025-11-26'),
(36, 75, 7000, '2025-11-26'),
(37, 77, 2000, '2025-11-26'),
(38, 78, 2000, '2025-11-26'),
(39, 79, 2000, '2025-11-26'),
(40, 82, 7000, '2025-11-26');

-- --------------------------------------------------------

--
-- Table structure for table `user`
--

CREATE TABLE `user` (
  `id` int(11) NOT NULL,
  `username` varchar(15) NOT NULL,
  `password` varchar(250) NOT NULL,
  `role` enum('admin','viewer') NOT NULL
) ENGINE=InnoDB DEFAULT CHARSET=utf8mb4 COLLATE=utf8mb4_general_ci;

--
-- Dumping data for table `user`
--

INSERT INTO `user` (`id`, `username`, `password`, `role`) VALUES
(5, 'iqbal', '$2y$10$HAW0nmx8OYotQJzhVw11X.9n/GRhuHlIkpLK445TlM6U35NRTSnG6', 'admin'),
(6, 'iwbal', '$2y$10$Ugl3p/FNpeuKneW5i1fBue1d3I/T5vEVyxbfmvxmuWQs48fZLk2Hu', 'viewer'),
(7, 'Aurel', '$2y$10$6zQgW71qANIjE9XXQcOHruD2xgdoEMOZqLPYW0daTSFJuj04RPaEy', 'admin');

--
-- Indexes for dumped tables
--

--
-- Indexes for table `absensi`
--
ALTER TABLE `absensi`
  ADD PRIMARY KEY (`id`);

--
-- Indexes for table `anggota`
--
ALTER TABLE `anggota`
  ADD PRIMARY KEY (`id`);

--
-- Indexes for table `master_denda`
--
ALTER TABLE `master_denda`
  ADD PRIMARY KEY (`id`);

--
-- Indexes for table `pembayaran_denda`
--
ALTER TABLE `pembayaran_denda`
  ADD PRIMARY KEY (`id`),
  ADD KEY `anggota_id` (`anggota_id`);

--
-- Indexes for table `user`
--
ALTER TABLE `user`
  ADD PRIMARY KEY (`id`);

--
-- AUTO_INCREMENT for dumped tables
--

--
-- AUTO_INCREMENT for table `absensi`
--
ALTER TABLE `absensi`
  MODIFY `id` int(11) NOT NULL AUTO_INCREMENT, AUTO_INCREMENT=782;

--
-- AUTO_INCREMENT for table `anggota`
--
ALTER TABLE `anggota`
  MODIFY `id` int(11) NOT NULL AUTO_INCREMENT, AUTO_INCREMENT=90;

--
-- AUTO_INCREMENT for table `master_denda`
--
ALTER TABLE `master_denda`
  MODIFY `id` int(11) NOT NULL AUTO_INCREMENT, AUTO_INCREMENT=15;

--
-- AUTO_INCREMENT for table `pembayaran_denda`
--
ALTER TABLE `pembayaran_denda`
  MODIFY `id` int(11) NOT NULL AUTO_INCREMENT, AUTO_INCREMENT=41;

--
-- AUTO_INCREMENT for table `user`
--
ALTER TABLE `user`
  MODIFY `id` int(11) NOT NULL AUTO_INCREMENT, AUTO_INCREMENT=8;

--
-- Constraints for dumped tables
--

--
-- Constraints for table `pembayaran_denda`
--
ALTER TABLE `pembayaran_denda`
  ADD CONSTRAINT `pembayaran_denda_ibfk_1` FOREIGN KEY (`anggota_id`) REFERENCES `anggota` (`id`);
COMMIT;

/*!40101 SET CHARACTER_SET_CLIENT=@OLD_CHARACTER_SET_CLIENT */;
/*!40101 SET CHARACTER_SET_RESULTS=@OLD_CHARACTER_SET_RESULTS */;
/*!40101 SET COLLATION_CONNECTION=@OLD_COLLATION_CONNECTION */;
